Equipment,Type,Description
Sony A7R III + Tamron 28-75mm F/2.8 Di III RXD,"Camera, Camera Lens","The Sony a7R Mark III is a full-frame mirrorless camera that uses a 42.4MP stabilized BSI CMOS sensor.
The Tamron 28-75mm F / 2.8 Di III RXD (Model A036) is a high-speed standard zoom lens specifically designed for mirrorless cameras. Now you can balance high image quality with beautiful bokeh. Specialized glass elements, including an XLD lens, control various aberrations and produce stable resolution across the entire zoom range."
JVC GZ-RY980HEU,Camera,"JVC GZ-RY980HEU 4K Outdoor Camcorder with QUAD PROOF Casing (Waterproof, Dustproof, Shockproof, Frost-Resistant) and 2x SD Card Slot."
Richo Theta V,Camera,The Ricoh Theta 360 Degree Spherical Panorama Digital Camera (Black) gives you even higher quality and performance.
Holga,Camera,"The Holga is a medium format 120 film camera, made in Hong Kong, known for its low-fidelity aesthetic. The Holga's low-cost construction and simple meniscus lens often yields pictures that display vignetting, blur, light leaks, and other distortions."
Logitech StreamCam,Camera,"The Logitech StreamCam is a flexible, capable webcam package. The camera produces crisp, smooth video at a variety of resolutions, frame rates, and orientations, with solid audio quality from its microphones."
DJI Ronin SC,Camera Gimbal,"The Ronin-SC stabilizer for mirrorless cameras supports a wide range of cameras and lenses. It has been rigorously tested to support a payload of 4.4 lbs / 2.0 kg while still achieving a smooth, cinematic shot."
Camera Tripod,Camera Tripod,"This tripod is used to stabilize and elevate a camera, a flash unit, or other photographic equipment. All photographic tripods have three legs and a mounting head to couple with a camera."
AKG K-240 MKII,Headphone,The K240 MKII are built to be neutral listening headphones that deliver an immersive audio reproduction. They have a great soundstage for a semi-open design and reproduce instruments and vocals well enough to please most neutral listners.
RØDE Wireless Go II,Microphone,"The Wireless GO II is an ultra-compact and extremely versatile wireless microphone system consisting of a dual channel receiver and two transmitters. Incorporating the same unique form factor and professional sound quality as the original Wireless GO with groundbreaking, patent-pending technology, the Wireless GO II is the perfect microphone for a wide range of content creation applications."
Sennheiser MKE 600,Microphone,"The MKE 600 is the ideal video camera/camcorder microphone able to handle even demanding filmic challenges. Due to its high directivity, the MKE 600 picks up sounds coming from the direction in which the camera is pointing and effectively attenuates noise coming from the sides and rear. The switchable “Low Cut” filter additionally minimizes wind noise."
Catchbox,Microphone,"Catchbox engagement microphone is made to improve your audience participation in conferences, classrooms and during all hands meetings."
RØDE VideoMic Pro+,Microphone,"The RØDE VideoMic Pro+ is a true shotgun microphone designed for use with camcorders, DSLR cameras and portable audio recorders as a source of primary and reference audio."
Blue Yeti Pro,Microphone,Professional multi-pattern USB/XLR condenser microphone for recording and streaming.
Zoom F6,Field Recorder,"The Zoom F6 is the first professional field recorder to feature both 32-bit float recording and dual AD converters, providing an unprecedented amount of dynamic range. With 6 inputs, Zoom’s solid time code, multiple power options and wireless control, the F6 is poised to be your new secret weapon."
Studio Lighting Set,Lights,Photo Studio Lighting with tripod and carry bag.
Softbox Lightning Set,Lights,Softbox Lighting Set with tripod and carry bag.
RGB Led Light,Lights,16 million color and 8 lighting scenes options in Ustellar Smart Wifi RGBCW LED flood light.
Epson EB-2250U,Beamer,"Super-bright projector offers an outstanding brightness 5,000 lumens and full HD resolution. The EB-2250U is designed to project a scalable image size of up to a 300 inches, and offers connectivity options such as dual HDMI and optional Wi-Fi."
HTC Vive Pro,VR,"The HTC Vive is a virtual reality headset developed by HTC and Valve Corporation. The headset uses ""room scale"" tracking technology, allowing the user to move in 3D space and use motion-tracked handheld controllers to interact with the environment."
Ocolus Go,VR,Oculus Go is an all-in-one virtual reality headset. Go virtually everywhere with no phone to drop in or PC to connect.
Oculus Quest 2,VR,"Oculus quest 2 is an advanced all-in-one VR system. Every detail has been engineered to make virtual worlds adapt to your movements, letting you explore awe-inspiring games and experiences with unparalleled freedom. No PC or Console required. Get the most out of each moment with blazing-fast performance and next-generation graphics. Stay focused with a stunning display that features 50% more pixels than the original quest. Or take a break from the action and grab front-row seats to live concerts, exclusive events and more. The redesigned touch controllers feature improved ergonomics and intuitive controls that transport your gestures, motions and actions directly into VR. You can even connect your VR headset to a gaming-compatible computer with an Oculus Link cable to access hundreds of PC VR games and experiences. Quest 2 also lets you bring your friends into the action. With live casting, you can share your VR experience with people around you. Or meet up with friends in virtual worlds to battle in multiplayer competitions or just spend some time together. With Oculus quest 2, there's no end in sight to what you can play, create and discover in virtual reality."
Logitech StreamCam,Video Conferencing,"The Logitech camera is a great camera for your computer. Great for streaming, HD video, photographs, video calls and more."
Beyerdynamic Phonum,Speakerphone,Wireless Bluetooth Speakerphone for conference calls using audio or video call apps such as Skype or Zoom. Ideal as portable handsfree solution in home offices. Easy to connect to smartphones or PCs via Bluetooth® and USB. Excellent voice transmission thanks to Gecko 360° technology and special microphone arrangement.
Logitech Spotlight,Presentation Clicker,For presentations without standing next to your laptop. USB receiver.
Gaomon M10K,Pen Tablet,"GAOMON M10K PRO is designed with a touch ring and 10 press keys, which are all customizable to suit different needs of creators."
Sphero Robots,Robots,"Sphero, is a white spherical robot capable of rolling around under the control of a smartphone or tablet."
Parrot Bebop 2,Drone,"Lightweight HD video drone, smartphone controlled. 500g. 25min flying time."
https://learn.microsoft.com/en-us/azure/kinect-dk/depth-camera,Camera,"Azure Kinect DK is a developer kit that contains a best-in-class 1MP depth camera, 360˚ microphone array, 12MP RGB camera, and orientation sensor for building advanced computer vision and speech models"
Nikon D5000,Camera,"This camera comes with DX SWM ED Aspherical 0.28m/0.92ft 18-55mm lens. Please note this camera does not support video recording. "
EMOTIV EPOC+,Brainwear,This mobile EEG Brainwear® device is designed for scalable and contextual human brain research and provides access to professional grade brain data